<?xml version="1.0" encoding="UTF-8"?>
<xmltoc expandtoclevels="3" feedback="0" sharedlookfeel="">
<toc>
<item class="tocbook" href="d2-user-guide.htm">
<name>Introduction</name>
<item class="tocchapter" href="d2-user-guide_05.htm">
<name>Introduction</name>
<item class="tocchapter" href="c_introduction.htm">
<name>Description of D2</name>
</item>
</item>
<item class="tocchapter" href="d2-user-guide_06.htm">
<name>Signing on</name>
<item class="tocchapter" href="t_logging_in.htm">
<name>Logging in</name>
</item>
<item class="tocchapter" href="t_workspace_setting_up.htm">
<name>Setting up your first workspace</name>
</item>
<item class="tocchapter" href="c_menus_understanding.htm">
<name>Understanding the menus</name>
</item>
</item>
<item class="tocchapter" href="d2-user-guide_07.htm">
<name>Building workspaces</name>
<item class="tocchapter" href="c_workspaces_understanding.htm">
<name>Understanding workspaces</name>
</item>
<item class="tocchapter" href="c_widgets_understanding.htm">
<name>Understanding widgets</name>
</item>
<item class="tocchapter" href="c_widget_determining.htm">
<name>Determining which internal widgets to use</name>
</item>
</item>
<item class="tocchapter" href="d2-user-guide_08.htm">
<name>Navigating and using D2</name>
<item class="tocchapter" href="t_repositories_adding.htm">
<name>Adding repositories to the workspace</name>
</item>
<item class="tocchapter" href="t_user_preference_configuring.htm">
<name>Configuring user preferences</name>
</item>
<item class="tocchapter" href="c_search_determining.htm">
<name>Determining which search to use</name>
</item>
<item class="tocchapter" href="c_search_fulltext_simple_understanding.htm">
<name>Understanding full-text and simple searches</name>
</item>
<item class="tocchapter" href="c_search_predefined_understanding.htm">
<name>Understanding predefined searches</name>
</item>
<item class="tocchapter" href="c_search_rating_understanding.htm">
<name>Understanding search rating</name>
</item>
</item>
<item class="tocchapter" href="d2-user-guide_09.htm">
<name>Working with content</name>
<item class="tocchapter" href="c_content_understanding.htm">
<name>Understanding content</name>
</item>
<item class="tocchapter" href="t_content_creating.htm">
<name>Creating content</name>
</item>
<item class="tocchapter" href="t_content_importing.htm">
<name>Importing content</name>
</item>
<item class="tocchapter" href="t_content_editing.htm">
<name>Editing content</name>
</item>
<item class="tocchapter" href="t_content_exporting.htm">
<name>Exporting content</name>
</item>
<item class="tocchapter" href="t_content_checking_out.htm">
<name>Checking out content</name>
</item>
<item class="tocchapter" href="t_content_checking_in.htm">
<name>Checking in content</name>
</item>
<item class="tocchapter" href="c_properties_understanding.htm">
<name>Understanding properties</name>
</item>
<item class="tocchapter" href="c_permissions_understanding.htm">
<name>Understanding permissions</name>
</item>
<item class="tocchapter" href="c_autolinking_autonaming_understanding.htm">
<name>Understanding why content was renamed or moved</name>
</item>
<item class="tocchapter" href="c_relations_understanding.htm">
<name>Understanding relationships</name>
</item>
<item class="tocchapter" href="t_relation_adding.htm">
<name>Adding relationships</name>
</item>
<item class="tocchapter" href="t_relation_removing.htm">
<name>Removing relationships</name>
</item>
<item class="tocchapter" href="c_renditions_understanding.htm">
<name>Understanding renditions</name>
</item>
<item class="tocchapter" href="c_virtual_documents_understanding.htm">
<name>Understanding virtual documents</name>
</item>
<item class="tocchapter" href="t_virtual_document_working_with.htm">
<name>Working with virtual documents</name>
</item>
<item class="tocchapter" href="c_annotations_understanding.htm">
<name>Understanding PDF annotations</name>
</item>
<item class="tocchapter" href="t_annotations_annotating_pdf_content.htm">
<name>Annotating PDF content</name>
</item>
<item class="tocchapter" href="t_annotations_updating_files.htm">
<name>Adding PDF annotations to source content</name>
</item>
</item>
<item class="tocchapter" href="d2-user-guide_10.htm">
<name>Working with lifecycle and workflow</name>
<item class="tocchapter" href="c_lifecycle_understanding.htm">
<name>Understanding lifecycle</name>
</item>
<item class="tocchapter" href="c_workflow_understanding.htm">
<name>Understanding workflow</name>
</item>
<item class="tocchapter" href="c_lifecycle_workflow_understanding.htm">
<name>Understanding the differences between workflows and lifecycles</name>
</item>
<item class="tocchapter" href="c_lifecycle_workflow_example.htm">
<name>Example of a workflow and a lifecycle</name>
</item>
<item class="tocchapter" href="t_workflow_sending.htm">
<name>Sending content to a workflow</name>
</item>
</item>
<item class="tocchapter" href="d2-user-guide_11.htm">
<name>Troubleshooting</name>
<item class="tocchapter" href="c_content_dtwo1486.htm">
<name>Bad user password when opening password-protected PDF with C2 View Configuration</name>
</item>
<item class="tocchapter" href="c_workflow_dtwo515.htm">
<name>Workflow package name is null or empty</name>
</item>
<item class="tocchapter" href="c_error_javascript_access.htm">
<name>Javascript error when attempting access</name>
</item>
</item>
</item>
</toc>
<buttons>
<button value="next">Next</button>
<button value="prev">Prev</button>
</buttons>
<chunks>
<chunk href="d2-user-guide.htm" srctreeloc="1"/>
<chunk href="d2-user-guide_05.htm" srctreeloc="1"/>
<chunk href="c_introduction.htm" srctreeloc="1"/>
<chunk href="d2-user-guide_06.htm" srctreeloc="1"/>
<chunk href="t_logging_in.htm" srctreeloc="1"/>
<chunk href="t_workspace_setting_up.htm" srctreeloc="1"/>
<chunk href="c_menus_understanding.htm" srctreeloc="1"/>
<chunk href="d2-user-guide_07.htm" srctreeloc="1"/>
<chunk href="c_workspaces_understanding.htm" srctreeloc="1"/>
<chunk href="c_widgets_understanding.htm" srctreeloc="1"/>
<chunk href="c_widget_determining.htm" srctreeloc="1"/>
<chunk href="d2-user-guide_08.htm" srctreeloc="1"/>
<chunk href="t_repositories_adding.htm" srctreeloc="1"/>
<chunk href="t_user_preference_configuring.htm" srctreeloc="1"/>
<chunk href="c_search_determining.htm" srctreeloc="1"/>
<chunk href="c_search_fulltext_simple_understanding.htm" srctreeloc="1"/>
<chunk href="c_search_predefined_understanding.htm" srctreeloc="1"/>
<chunk href="c_search_rating_understanding.htm" srctreeloc="1"/>
<chunk href="d2-user-guide_09.htm" srctreeloc="1"/>
<chunk href="c_content_understanding.htm" srctreeloc="1"/>
<chunk href="t_content_creating.htm" srctreeloc="1"/>
<chunk href="t_content_importing.htm" srctreeloc="1"/>
<chunk href="t_content_editing.htm" srctreeloc="1"/>
<chunk href="t_content_exporting.htm" srctreeloc="1"/>
<chunk href="t_content_checking_out.htm" srctreeloc="1"/>
<chunk href="t_content_checking_in.htm" srctreeloc="1"/>
<chunk href="c_properties_understanding.htm" srctreeloc="1"/>
<chunk href="c_permissions_understanding.htm" srctreeloc="1"/>
<chunk href="c_autolinking_autonaming_understanding.htm" srctreeloc="1"/>
<chunk href="c_relations_understanding.htm" srctreeloc="1"/>
<chunk href="t_relation_adding.htm" srctreeloc="1"/>
<chunk href="t_relation_removing.htm" srctreeloc="1"/>
<chunk href="c_renditions_understanding.htm" srctreeloc="1"/>
<chunk href="c_virtual_documents_understanding.htm" srctreeloc="1"/>
<chunk href="t_virtual_document_working_with.htm" srctreeloc="1"/>
<chunk href="c_annotations_understanding.htm" srctreeloc="1"/>
<chunk href="t_annotations_annotating_pdf_content.htm" srctreeloc="1"/>
<chunk href="t_annotations_updating_files.htm" srctreeloc="1"/>
<chunk href="d2-user-guide_10.htm" srctreeloc="1"/>
<chunk href="c_lifecycle_understanding.htm" srctreeloc="1"/>
<chunk href="c_workflow_understanding.htm" srctreeloc="1"/>
<chunk href="c_lifecycle_workflow_understanding.htm" srctreeloc="1"/>
<chunk href="c_lifecycle_workflow_example.htm" srctreeloc="1"/>
<chunk href="t_workflow_sending.htm" srctreeloc="1"/>
<chunk href="d2-user-guide_11.htm" srctreeloc="1"/>
<chunk href="c_content_dtwo1486.htm" srctreeloc="1"/>
<chunk href="c_workflow_dtwo515.htm" srctreeloc="1"/>
<chunk href="c_error_javascript_access.htm" srctreeloc="1"/>
</chunks>
</xmltoc>
