<?xml version="1.0" encoding="UTF-8"?>
<IMW_MP_PROPERTIES>
	<OutputFormat>JPEG</OutputFormat>
	<PROP name="Width" type="unsigned long" token="doc_token_width_tn">100</PROP>
	<PROP name="Height" type="unsigned long" token="doc_token_height_tn">100</PROP>
	<Options>-limit memory doc_token_limit_memory -limit map doc_token_limit_map -limit area doc_token_limit_area -density "72" -flatten -quality 95 -strip -filter Lanczos -profile "doc_token_cmyk_profile" -profile "doc_token_rgb_profile" -profile "doc_token_colorProfile" -colorspace doc_token_colorSpace</Options>
</IMW_MP_PROPERTIES>